{"cameraMode":{"drawMode":0,"name":"Shaded","section":"Shading Mode"},"sceneLighting":false,"audioPlay":false,"sceneViewState":{"showFog":true,"showMaterialUpdate":false,"showSkybox":false,"showFlares":true,"showImageEffects":true,"showParticleSystems":true},"in2DMode":false,"pivot":{"x":-0.5520659685134888,"y":0.3413057327270508,"z":0.3317517638206482},"rotation":{"x":-0.15080565214157105,"y":0.1555924415588379,"z":-0.024042673408985139,"w":-0.9759482741355896},"size":0.8407147526741028,"orthographic":false}