{"cameraMode":{"drawMode":0,"name":"Shaded","section":"Shading Mode"},"sceneLighting":true,"audioPlay":false,"sceneViewState":{"showFog":true,"showMaterialUpdate":false,"showSkybox":true,"showFlares":true,"showImageEffects":true,"showParticleSystems":true},"in2DMode":false,"pivot":{"x":3.1742475032806398,"y":1.1047687530517579,"z":-0.8613235950469971},"rotation":{"x":-0.15080565214157105,"y":0.1555924415588379,"z":-0.024042673408985139,"w":-0.9759482741355896},"size":6.859724998474121,"orthographic":false}